"fecha","n","n.value","nraw","t","logn","log_nraw","year","epiweek","month","normalized_year"
"2016-01-03",3862.619047619048,536,536,309,8.259359600311377,6.285998094508865,2016,1,1,1
"2016-01-10",3153.1428571428573,1451,1451,316,8.056472060455029,7.280697195384741,2016,2,1,1
"2016-01-17",2598.809523809524,1525,1525,323,7.863193461252664,7.330405211844402,2016,3,1,1
"2016-01-24",2161.761904761905,1597,1597,330,7.679141343501192,7.37650812632622,2016,4,1,1
"2016-01-31",1835.7142857142856,1476,1476,337,7.515733540028935,7.29776828253138,2016,5,1,1
"2016-02-07",1576.0952380952378,1864,1864,344,7.363339977083233,7.5310163320779155,2016,6,2,1
"2016-02-14",1473.7142857142856,2254,2254,351,7.296219545410277,7.720905251936779,2016,7,2,1
"2016-02-21",1536.952380952381,2027,2027,358,7.338207187916813,7.614805364711073,2016,8,2,1
"2016-02-28",1691.857142857143,1889,1889,365,7.434172997507964,7.544332108053688,2016,9,2,1
"2016-03-06",1793.4761904761906,1730,1730,372,7.492468442445135,7.456454555176209,2016,10,3,1
"2016-03-13",1825.857142857143,1634,1634,379,7.510352361124419,7.399398083331354,2016,11,3,1
"2016-03-20",1794.7142857142856,580,580,386,7.49315815252898,6.364750756851911,2016,12,3,1
"2016-03-27",1713.9047619047617,1026,1026,393,7.44711282564101,6.934397209928558,2016,13,3,1
"2016-04-03",1575.952380952381,1091,1091,400,7.363249390535273,6.9957661563048505,2016,14,4,1
"2016-04-10",1434.3333333333333,1054,1054,407,7.269152389256199,6.961296045910167,2016,15,4,1
"2016-04-17",1319.142857142857,1606,1606,414,7.185495234832727,7.382124365737512,2016,16,4,1
"2016-04-24",1279.7619047619048,2159,2159,421,7.155210417924974,7.67786350067821,2016,17,4,1
"2016-05-01",1251.5238095238094,895,895,428,7.132915842378187,6.79794041297493,2016,18,5,1
"2016-05-08",1258.2380952380952,1031,1031,435,7.138262130730046,6.939253946041508,2016,19,5,1
"2016-05-15",1250.7619047619048,1157,1157,442,7.13230736165966,7.05444965813294,2016,20,5,1
"2016-05-22",1285,1228,1228,449,7.1592919047975645,7.113956109566034,2016,21,5,1
"2016-05-29",1308,1269,1269,456,7.1770187659099,7.146772179452637,2016,22,5,1
"2016-06-05",1329.809523809524,1712,1712,463,7.19354270057312,7.44600149832412,2016,23,6,1
"2016-06-12",1314.3809523809523,1514,1514,470,7.18188160028571,7.323170717943469,2016,24,6,1
"2016-06-19",1321.3809523809523,1581,1581,477,7.187189142577422,7.366445148327599,2016,25,6,1
"2016-06-26",1358.142857142857,1762,1762,484,7.214609527936913,7.47477218239787,2016,26,6,1
"2016-07-03",1467.7619047619046,2042,2042,491,7.292175083229428,7.622174594817622,2016,27,7,1
"2016-07-10",1574.5238095238094,1854,1854,498,7.362343073443539,7.525639975041536,2016,28,7,1
"2016-07-17",1683.809523809524,2053,2053,505,7.429407794147164,7.627544390488503,2016,29,7,1
"2016-07-24",1797.047619047619,2680,2680,512,7.494456699134484,7.893945138235959,2016,30,7,1
"2016-07-31",1952.2380952380952,3021,3021,519,7.577243836010255,8.013674142832684,2016,31,7,1
"2016-08-07",2220.6190476190477,4742,4742,526,7.705991509785078,8.464425125877582,2016,32,8,1
"2016-08-14",2562.428571428571,4272,4272,533,7.849100927144731,8.360071435644025,2016,33,8,1
"2016-08-21",2996,5476,5476,540,8.005367067316664,8.608312784783722,2016,34,8,1
"2016-08-28",3463,5717,5717,547,8.150179269682326,8.651374372882257,2016,35,8,1
"2016-09-04",3977.190476190476,5554,5554,554,8.288582340668416,8.62245370207373,2016,36,9,1
"2016-09-11",4417.714285714285,4567,4567,561,8.393604047171323,8.426830751335846,2016,37,9,1
"2016-09-18",4801.428571428572,5691,5691,568,8.476877021326185,8.646816959209742,2016,38,9,1
"2016-09-25",5042.333333333333,5244,5244,575,8.525822518114293,8.565030520830398,2016,39,9,1
"2016-10-02",5259.095238095238,5652,5652,582,8.567904411669598,8.63994165667529,2016,40,10,1
"2016-10-09",5337.095238095238,5232,5232,589,8.582624171336828,8.562740006372207,2016,41,10,1
"2016-10-16",5385.714285714285,5602,5602,596,8.591690883537634,8.631057447565285,2016,42,10,1
"2016-10-23",5339.47619047619,4942,4942,603,8.583070102224932,8.505727713306959,2016,43,10,1
"2016-10-30",5277.047619047619,3983,3983,610,8.57131153919908,8.290041618704489,2016,44,10,1
"2016-11-06",5166,4555,4555,617,8.550047528287184,8.424200324567073,2016,45,11,1
"2016-11-13",5011.571428571428,3721,3721,624,8.519704321602356,8.222016437202196,2016,46,11,1
"2016-11-20",4711.904761904762,2018,2018,631,8.45805971918821,7.610357618312838,2016,47,11,1
"2016-11-27",4321.238095238095,2185,2185,638,8.3715286246837,7.689828668736484,2016,48,11,1
"2016-12-04",3803.3333333333335,1407,1407,645,8.24389604688549,7.249925536717988,2016,49,12,1
"2016-12-11",3263.1904761904757,841,841,652,8.090767071057316,6.7357800142423265,2016,50,12,1
"2016-12-18",2705.4761904761904,567,567,659,7.9034027690345425,6.342121418721152,2016,51,12,1
"2016-12-25",2153.904761904762,489,489,666,7.675501807549552,6.194405391104672,2016,52,12,1
"2017-01-01",1629.3809523809523,188,188,673,7.396568979611301,5.241747015059643,2017,1,1,2
"2017-01-08",1196.7142857142856,531,531,680,7.08817025750551,6.2766434893416445,2017,2,1,2
"2017-01-15",884,638,638,687,6.785587645007929,6.459904454377535,2017,3,1,2
"2017-01-22",701.9047619047619,617,617,694,6.555221408813574,6.42648845745769,2017,4,1,2
"2017-01-29",574.2380952380953,497,497,701,6.354784033765383,6.210600077024653,2017,5,1,2
"2017-02-05",515.1428571428571,460,460,708,6.246383582092327,6.133398042996649,2017,6,2,2
"2017-02-12",495.95238095238096,537,537,715,6.208494208533196,6.2878585601617845,2017,7,2,2
"2017-02-19",513.5238095238095,616,616,722,6.2432418312175635,6.424869023905388,2017,8,2,2
"2017-02-26",535.6666666666666,520,520,729,6.285377169310399,6.255750041753367,2017,9,2,2
"2017-03-05",556.5238095238095,659,659,736,6.323505210088354,6.492239835020471,2017,10,3,2
"2017-03-12",557.8571428571428,635,635,743,6.325893882099394,6.455198563340122,2017,11,3,2
"2017-03-19",562.8571428571428,563,563,750,6.334800926607533,6.335054251498059,2017,12,3,2
"2017-03-26",578.2857142857143,700,700,757,6.3617958174942,6.55250788703459,2017,13,3,2
"2017-04-02",598.9047619047619,664,664,764,6.396770912458451,6.499787040655854,2017,14,4,2
"2017-04-09",605.952380952381,397,397,771,6.408450338150817,5.986452005284438,2017,15,4,2
"2017-04-16",599.6190476190476,479,479,778,6.39796086936377,6.173786103901937,2017,16,4,2
"2017-04-23",589.3809523809524,704,704,785,6.380768010538442,6.558197802812269,2017,17,4,2
"2017-04-30",583.047619047619,498,498,792,6.369982518969167,6.212606095751519,2017,18,4,2
"2017-05-07",579.5714285714286,582,582,799,6.364012840203005,6.368187186350492,2017,19,5,2
"2017-05-14",575,722,722,806,6.3561076606958915,6.583409222158765,2017,20,5,2
"2017-05-21",584.4285714285714,821,821,813,6.372344179743532,6.71174039505618,2017,21,5,2
"2017-05-28",620.5714285714286,977,977,820,6.432250833665367,6.885509670034818,2017,22,5,2
"2017-06-04",687.4285714285714,1146,1146,827,6.534411567585019,7.044905117129371,2017,23,6,2
"2017-06-11",774.6190476190477,1288,1288,834,6.653661481626826,7.161622002939187,2017,24,6,2
"2017-06-18",876.8571428571428,1394,1394,841,6.7774838729448215,7.240649694255466,2017,25,6,2
"2017-06-25",985.904761904762,1392,1392,848,6.894573542280073,7.239214973779806,2017,26,6,2
"2017-07-02",1101.857142857143,1451,1451,855,7.005659493963509,7.280697195384741,2017,27,7,2
"2017-07-09",1194.904761904762,1236,1236,862,7.086658300825486,7.1204443723924875,2017,28,7,2
"2017-07-16",1265.428571428571,1314,1314,869,7.143956069452995,7.181591944611865,2017,29,7,2
"2017-07-23",1313.190476190476,1397,1397,876,7.180976147588077,7.242797922793756,2017,30,7,2
"2017-07-30",1339.5714285714284,1254,1254,883,7.200851241277998,7.134890851565884,2017,31,7,2
"2017-08-06",1356.6190476190477,1535,1535,890,7.213487744183294,7.336936913707618,2017,32,8,2
"2017-08-13",1389.809523809524,1982,1982,897,7.237641247830655,7.592366128519796,2017,33,8,2
"2017-08-20",1461.428571428571,2224,2224,904,7.287853737864458,7.707512194600341,2017,34,8,2
"2017-08-27",1615.9047619047622,3117,3117,911,7.388268959824469,8.044947049617722,2017,35,8,2
"2017-09-03",1869.857142857143,3993,3993,918,7.534151969995658,8.29254851397576,2017,36,9,2
"2017-09-10",2189.3333333333335,3546,3546,925,7.691809018229758,8.173857454773621,2017,37,9,2
"2017-09-17",2537.7619047619046,3743,3743,932,7.839431802105423,8.227909837597483,2017,38,9,2
"2017-09-24",2892.1428571428573,4339,4339,939,7.970098684034487,8.375629627094451,2017,39,9,2
"2017-10-01",3265.095238095238,4521,4521,946,8.091350433575318,8.416709652837914,2017,40,10,2
"2017-10-08",3649.285714285714,4949,4949,953,8.20256072139948,8.507142855562735,2017,41,10,2
"2017-10-15",3991.952380952381,5049,5049,960,8.29228618136035,8.527143522269405,2017,42,10,2
"2017-10-22",4251.666666666667,4790,4790,967,8.35530151613379,8.474494436883122,2017,43,10,2
"2017-10-29",4414.095238095238,4228,4228,974,8.3927846842879,8.34972083747249,2017,44,10,2
"2017-11-05",4517.142857142858,4428,4428,981,8.415856316081593,8.395929103923198,2017,45,11,2
"2017-11-12",4589.523809523809,4492,4492,988,8.431749416265394,8.41027590907016,2017,46,11,2
"2017-11-19",4758.380952380952,7229,7229,995,8.46787288674716,8.88599431515281,2017,47,11,2
"2017-11-26",4777.809523809524,2496,2496,1002,8.47194674087017,7.822845290279774,2017,48,11,2
"2017-12-03",4622.666666666667,1536,1536,1009,8.43894332009518,7.337587743538596,2017,49,12,2
"2017-12-10",4268.714285714285,3323,3323,1016,8.359302191973256,8.10892415597534,2017,50,12,2
"2017-12-17",3849.142857142858,397,397,1023,8.25586553234482,5.986452005284438,2017,51,12,2
"2017-12-24",3398.3809523809523,260,260,1030,8.131348621197851,5.564520407322694,2017,52,12,2
"2017-12-31",2806.8095238095243,68,68,1037,7.940159929443746,4.23410650459726,2018,1,12,3
"2018-01-07",2066.7619047619046,280,280,1044,7.634222095906139,5.638354669333745,2018,2,1,3
"2018-01-14",1420.6666666666667,301,301,1051,7.25958517125767,5.71042701737487,2018,3,1,3
"2018-01-21",928.3333333333334,341,341,1058,6.834467483212305,5.834810737062605,2018,4,1,3
"2018-01-28",623.3333333333334,308,308,1065,6.436684413775978,5.733341276897746,2018,5,1,3
"2018-02-04",417.80952380952385,291,291,1072,6.037416219448236,5.676753802268282,2018,6,2,3
"2018-02-11",274.14285714285717,364,364,1079,5.617290443302758,5.8998973535824915,2018,7,2,3
"2018-02-18",290.61904761904765,416,416,1086,5.675448319054151,6.0330862217988015,2018,8,2,3
"2018-02-25",319.28571428571433,430,430,1093,5.769213454576792,6.066108090103747,2018,9,2,3
"2018-03-04",352.00000000000006,490,490,1100,5.8664680569332965,6.19644412779452,2018,10,3,3
"2018-03-11",374.47619047619054,474,474,1107,5.928195061673716,6.163314804034641,2018,11,3,3
"2018-03-18",396.1428571428572,441,441,1114,5.984296057629369,6.091309882077698,2018,12,3,3
"2018-03-25",408.1428571428572,277,277,1121,6.014064379025223,5.627621113690637,2018,13,3,3
"2018-04-01",415.9047619047619,408,408,1128,6.032857806996529,6.013715156042802,2018,14,4,3
"2018-04-08",422.5714285714286,526,526,1135,6.048722162376513,6.267200548541362,2018,15,4,3
"2018-04-15",435.80952380952385,554,554,1142,6.0794972277862325,6.318968113746434,2018,16,4,3
"2018-04-22",451,575,575,1149,6.113682179832232,6.3561076606958915,2018,17,4,3
"2018-04-29",459.5714285714286,445,445,1156,6.132467954571205,6.100318952020064,2018,18,4,3
"2018-05-06",466.95238095238096,540,540,1163,6.148366540639004,6.293419278846481,2018,19,5,3
"2018-05-13",485.95238095238096,606,606,1170,6.188166337916521,6.408528791059498,2018,20,5,3
"2018-05-20",521.6666666666666,730,730,1177,6.258943912242243,6.594413459749778,2018,21,5,3
"2018-05-27",659.2380952380953,2764,2764,1184,6.492600520326455,7.9247959139564355,2018,22,5,3
"2018-06-03",900.7619047619048,3066,3066,1191,6.804350521539482,8.028455164114252,2018,23,6,3
"2018-06-10",1165.571428571429,1386,1386,1198,7.061824322824208,7.234898420314831,2018,24,6,3
"2018-06-17",1358,1163,1163,1205,7.214504414151143,7.059617628291383,2018,25,6,3
"2018-06-24",1457.047619047619,1091,1091,1212,7.284853572561747,6.9957661563048505,2018,26,6,3
"2018-07-01",1542.809523809524,1138,1138,1219,7.342008357566244,7.037905963447182,2018,27,7,3
"2018-07-08",1617.714285714286,1220,1220,1226,7.389387462325254,7.107425474110705,2018,28,7,3
"2018-07-15",1593.857142857143,1241,1241,1233,7.3745394456009,7.124478262493424,2018,29,7,3
"2018-07-22",1463.142857142857,1354,1354,1240,7.28902526977625,7.2115567333138015,2018,30,7,3
"2018-07-29",1308.6190476190477,1376,1376,1247,7.177491570559467,7.227662498728654,2018,31,7,3
"2018-08-05",1309.047619047619,2894,2894,1254,7.1778187659525665,7.970740390007095,2018,32,8,3
"2018-08-12",1419.142857142857,1682,1682,1261,7.258512749156832,7.428333194190806,2018,33,8,3
"2018-08-19",1568.190476190476,1946,1946,1268,7.358315145103672,7.5740450053722,2018,34,8,3
"2018-08-26",1821.047619047619,5131,5131,1275,7.507716213069823,8.543250725735527,2018,35,8,3
"2018-09-02",2134.952380952381,3114,3114,1282,7.666667906269961,8.043984431221553,2018,36,9,3
"2018-09-09",2492.2380952380954,3073,3073,1289,7.821337584473865,8.03073492409854,2018,37,9,3
"2018-09-16",3065.7619047619046,9828,9828,1296,8.028377529787418,9.19309247856663,2018,38,9,3
"2018-09-23",3629.380952380952,4559,4559,1303,8.197092867311987,8.425077902508432,2018,39,9,3
"2018-09-30",4227.666666666667,4129,4129,1310,8.349642013525733,8.326032685955079,2018,40,9,3
"2018-10-07",4563.0952380952385,4878,4878,1317,8.42597557800685,8.492695559815838,2018,41,10,3
"2018-10-14",4812.142857142858,4982,4982,1324,8.479105550379941,8.513787398281405,2018,42,10,3
"2018-10-21",5273.7619047619055,10025,10025,1331,8.570688820787556,9.212936997823448,2018,43,10,3
"2018-10-28",5628.761904761905,3766,3766,1338,8.635822429788654,8.23403420769204,2018,44,10,3
"2018-11-04",5725.714285714286,4260,4260,1345,8.652897222152378,8.357259153499912,2018,45,11,3
"2018-11-11",5530.476190476191,5334,5334,1352,8.618210001113571,8.582044163735853,2018,46,11,3
"2018-11-18",5215.285714285715,2303,2303,1359,8.559540878618142,7.742402021815782,2018,47,11,3
"2018-11-25",5090.476190476191,3308,3308,1366,8.535323085272825,8.104401307921613,2018,48,11,3
"2018-12-02",4773.190476190476,1715,1715,1373,8.470979704760255,7.447751280047908,2018,49,12,3
"2018-12-09",4242.809523809524,3724,3724,1380,8.353216617437688,8.22282213081366,2018,50,12,3
"2018-12-16",3654.571428571429,981,981,1387,8.204007701570214,6.889591308354466,2018,51,12,3
"2018-12-23",3042.047619047619,483,483,1394,8.020614798492119,6.182084906716632,2018,52,12,3
"2018-12-30",2479.809523809524,89,89,1401,7.816340206786257,4.499809670330265,2019,1,12,4
"2019-01-06",1975.952380952381,744,744,1408,7.589311736361757,6.61338421837956,2019,2,1,4
"2019-01-13",1535.7619047619048,868,868,1415,7.337432822470571,6.767343125265392,2019,3,1,4
"2019-01-20",1304,847,847,1422,7.173958319756794,6.742880635791903,2019,4,1,4
"2019-01-27",1005.095238095238,755,755,1429,6.913832016253545,6.628041376179533,2019,5,1,4
"2019-02-03",809.3809523809524,708,708,1436,6.69750444868608,6.5638555265321274,2019,6,2,4
"2019-02-10",669.0952380952382,779,779,1443,6.507419848693972,6.659293919683638,2019,7,2,4
"2019-02-17",705.4285714285716,829,829,1450,6.5602220950014996,6.721425700790643,2019,8,2,4
"2019-02-24",759.0952380952382,835,835,1457,6.633443738712531,6.728628613084702,2019,9,2,4
"2019-03-03",795.0952380952382,793,793,1464,6.679718824535678,6.677083461247136,2019,10,3,4
"2019-03-10",801.1904761904763,959,959,1471,6.687346081151886,6.866933284461882,2019,11,3,4
"2019-03-17",815.1904761904763,1012,1012,1478,6.704647754428348,6.920671504248683,2019,12,3,4
"2019-03-24",839.7142857142858,854,854,1485,6.7342518706390635,6.75110146893676,2019,13,3,4
"2019-03-31",869.2380952380953,996,996,1492,6.7687668468945565,6.904750769961838,2019,14,3,4
"2019-04-07",893.5714285714286,977,977,1499,6.796344752831038,6.885509670034818,2019,15,4,4
"2019-04-14",897.7142857142858,557,557,1506,6.800965170514717,6.324358962381311,2019,16,4,4
"2019-04-21",891.1904761904763,786,786,1513,6.793679648114075,6.668228248417403,2019,17,4,4
"2019-04-28",868.857142857143,775,775,1520,6.7683289945532605,6.654152520183219,2019,18,4,4
"2019-05-05",856,933,933,1527,6.75343791859778,6.839476438228843,2019,19,5,4
"2019-05-12",866.1428571428572,1330,1330,1534,6.765203734998231,7.193685818395112,2019,20,5,4
"2019-05-19",901.8571428571428,1349,1349,1541,6.80556433808559,7.2078598714324755,2019,21,5,4
"2019-05-26",1175.7142857142856,5899,5899,1548,7.0704813298859355,8.68270762989381,2019,22,5,4
"2019-06-02",1621.7619047619046,4649,4649,1555,7.391884856051761,8.444622498581403,2019,23,6,4
"2019-06-09",2141.714285714286,2691,2691,1562,7.669828662140046,7.898039690764619,2019,24,6,4
"2019-06-16",2512.6190476190477,2567,2567,1569,7.8294788452969,7.850882664809852,2019,25,6,4
"2019-06-23",2764.8095238095243,2532,2532,1576,7.925088646444083,7.837159650001675,2019,26,6,4
"2019-06-30",2989.1904761904766,2651,2651,1583,8.003092368767224,7.883069351305753,2019,27,6,4
"2019-07-07",3204.285714285714,2946,2946,1590,8.072556511804464,7.988542982737695,2019,28,7,4
"2019-07-14",3222.095238095238,3355,3355,1597,8.078097430896463,8.118505067587098,2019,29,7,4
"2019-07-21",3135.285714285714,3773,3773,1604,8.050794485191949,8.235890725928495,2019,30,7,4
"2019-07-28",3056.571428571429,4458,4458,1611,8.02537622904525,8.402679804627477,2019,31,7,4
"2019-08-04",3380.952380952381,8488,8488,1618,8.126208449215218,9.046526486737967,2019,32,8,4
"2019-08-11",3936.1904761904766,6504,6504,1625,8.278222670822556,8.780326390946605,2019,33,8,4
"2019-08-18",4792.190476190476,10734,10734,1632,8.47495153886457,9.28126471031288,2019,34,8,4
"2019-08-25",6244.095238095238,21381,21381,1639,8.739551672738868,9.970304725573444,2019,35,8,4
"2019-09-01",7950.428571428572,12670,12670,1646,8.981106886024568,9.447071196798907,2019,36,9,4
"2019-09-08",9738.047619047618,13563,13563,1653,9.183898611470513,9.515174503245529,2019,37,9,4
"2019-09-15",11448.190476190475,21266,21266,1660,9.345674305713578,9.964911854523129,2019,38,9,4
"2019-09-22",13690.047619047618,28969,28969,1667,9.5244974397555,10.274016090763396,2019,39,9,4
"2019-09-29",15938.714285714284,16437,16437,1674,9.67656902782436,9.707351006708445,2019,40,9,4
"2019-10-06",17720.904761904763,17746,17746,1681,9.782556710589011,9.783971766534563,2019,41,10,4
"2019-10-13",18397.61904761905,18647,18647,1688,9.82003088902072,9.833494180715594,2019,42,10,4
"2019-10-20",18889.14285714286,18714,18714,1695,9.846395523047311,9.83708062033853,2019,43,10,4
"2019-10-27",19107.42857142857,14837,14837,1702,9.857884803158717,9.604946736749472,2019,44,10,4
"2019-11-03",19076.42857142857,13297,13297,1709,9.856261165030377,9.4953689269624,2019,45,11,4
"2019-11-10",18274.04761904762,18814,18814,1716,9.813291890308024,9.842409703027538,2019,46,11,4
"2019-11-17",16963.333333333332,7036,7036,1723,9.73886837985518,8.85893722196655,2019,47,11,4
"2019-11-24",16013.285714285716,17351,17351,1730,9.681236460004936,9.761463052506713,2019,48,11,4
"2019-12-01",14977.809523809525,6698,6698,1737,9.614391782872469,8.809713540508268,2019,49,12,4
"2019-12-08",14055.761904761905,11695,11695,1744,9.55085883334681,9.36700218198956,2019,50,12,4
"2019-12-15",12623.333333333334,3724,3724,1751,9.443381447468784,8.22282213081366,2019,51,12,4
"2019-12-22",11202.619047619048,1594,1594,1758,9.323992134339871,7.374629015218945,2019,52,12,4
"2019-12-29",9267.952380952382,1002,1002,1765,9.134425640410091,6.910750787961936,2020,1,12,5
"2020-01-05",7624.904761904762,2047,2047,1772,8.939306251735378,7.6246189861593985,2020,2,1,5
"2020-01-12",5813.142857142858,2105,2105,1779,8.668048652048956,7.652545692693921,2020,3,1,5
"2020-01-19",4625.809523809524,1999,1999,1786,8.43962282182008,7.600902459542082,2020,4,1,5
"2020-01-26",3197.523809523809,1646,1646,1793,8.070444672828035,7.40671073017764,2020,5,1,5
"2020-02-02",2392.904761904762,1575,1575,1800,7.780681103331925,7.362645270417825,2020,6,2,5
"2020-02-09",1813.8095238095236,1631,1631,1807,7.50373579563229,7.397561535524052,2020,7,2,5
"2020-02-16",1747.857142857143,1729,1729,1814,7.466717792355702,7.455876687491824,2020,8,2,5
"2020-02-23",1764.285714285714,1628,1628,1821,7.476067834048877,7.395721608602045,2020,9,2,5
"2020-03-01",1745.857142857143,1410,1410,1828,7.4655735339554115,7.252053951852814,2020,10,3,5
"2020-03-08",1656.857142857143,1244,1244,1835,7.413281169653224,7.126890808898808,2020,11,3,5
"2020-03-15",1563.2380952380952,1130,1130,1842,7.35515414432568,7.030857476116121,2020,12,3,5
"2020-03-22",1463.9523809523807,761,761,1849,7.289578016453521,6.635946555686647,2020,13,3,5
"2020-03-29",1353.6190476190477,644,644,1856,7.211275548116349,6.4692503167957724,2020,14,3,5
"2020-04-05",1211.285714285714,541,541,1863,7.100262876706957,6.295266001439646,2020,15,4,5
"2020-04-12",1065.190476190476,735,735,1870,6.971847271869377,6.601230118728877,2020,16,4,5
"2020-04-19",933.9523809523808,735,735,1877,6.840495598529044,6.601230118728877,2020,17,4,5
"2020-04-26",831.9523809523807,670,670,1884,6.724976474809388,6.508769136971682,2020,18,4,5
"2020-05-03",760.190476190476,872,872,1891,6.634883623770518,6.771935555839602,2020,19,5,5
"2020-05-10",733.8571428571427,1040,1040,1898,6.599676116862142,6.947937068614969,2020,20,5,5
"2020-05-17",762.3333333333331,1221,1221,1905,6.637694807880175,7.108244139731541,2020,21,5,5
"2020-05-24",844.190476190476,1404,1404,1912,6.739562017564923,7.247792581767846,2020,22,5,5
"2020-05-31",955,1622,1622,1919,6.862757913051401,7.392031567514591,2020,23,5,5
"2020-06-07",1095.8095238095236,1942,1942,1926,7.000160811479482,7.57198844937744,2020,24,6,5
"2020-06-14",1259.9523809523807,2023,2023,1933,7.1396225723275215,7.6128310304073565,2020,25,6,5
"2020-06-21",1435.6190476190477,2001,2001,1940,7.270047748371575,7.601901959875166,2020,26,6,5
"2020-06-28",1600.857142857143,2028,2028,1947,7.378918949405567,7.615298339825815,2020,27,6,5
"2020-07-05",1747.3809523809523,2181,2181,1954,7.466445468615558,7.687997166393016,2020,28,7,5
"2020-07-12",1883.190476190476,2308,2308,1961,7.541253552037775,7.744569809354496,2020,29,7,5
"2020-07-19",1996.7619047619048,2143,2143,1968,7.5997827853217395,7.670428522190693,2020,30,7,5
"2020-07-26",2069.3809523809523,2042,2042,1975,7.635487904293702,7.622174594817622,2020,31,7,5
"2020-08-02",2108.047619047619,2214,2214,1982,7.653991759193821,7.703007682479236,2020,32,8,5
"2020-08-09",2147.3333333333335,2535,2535,1989,7.672447626705178,7.8383433155571165,2020,33,8,5
"2020-08-16",2220.8571428571427,2847,2847,1996,7.706098675989247,7.954372272531867,2020,34,8,5
"2020-08-23",2329.428571428571,3108,3108,2003,7.753807465880989,8.042056410058754,2020,35,8,5
"2020-08-30",2470.238095238095,3519,3519,2010,7.812474557169468,8.166216268592143,2020,36,8,5
"2020-09-06",2651.904761904762,3820,3820,2017,7.883410455229063,8.2482674474469,2020,37,9,5
"2020-09-13",2879.9523809523803,3943,3943,2024,7.965876206295509,8.279950715722526,2020,38,9,5
"2020-09-20",3177.3809523809523,4882,4882,2031,8.06412721164986,8.49351506406166,2020,39,9,5
"2020-09-27",3537,5518,5518,2038,8.17131687471973,8.615951963439501,2020,40,9,5
"2020-10-04",3953.95238095238,5952,5952,2045,8.282723839914954,8.69165057315339,2020,41,10,5
"2020-10-11",4385.095238095238,6074,6074,2052,8.386194642854086,8.711937268208748,2020,42,10,5
"2020-10-18",4810.952380952381,6391,6391,2059,8.478858181150422,8.76280248744611,2020,43,10,5
"2020-10-25",5163.761904761905,5391,5391,2066,8.549614282671628,8.592671652592143,2020,44,10,5
"2020-11-01",5403.523809523809,4535,4535,2073,8.59499162434638,8.419800845407588,2020,45,11,5
"2020-11-08",5426.809523809524,3208,3208,2080,8.59929092892591,8.073714641109857,2020,46,11,5
"2020-11-15",5272.761904761905,3365,3365,2087,8.570499220797823,8.121480374750751,2020,47,11,5
"2020-11-22",4937.095238095238,2730,2730,2094,8.504734956494195,7.912423121473705,2020,48,11,5
"2020-11-29",4484.190476190476,1938,1938,2101,8.408536243198775,7.569927655242652,2020,49,11,5
"2020-12-06",3892,1313,1313,2108,8.266935347610456,7.1808311990445555,2020,50,12,5
"2020-12-13",3235.2857142857138,814,814,2115,8.082181566705346,6.703188113240863,2020,51,12,5
"2020-12-20",2576.6190476190473,358,358,2122,7.8546214020676,5.883322388488279,2020,52,12,5
"2020-12-27",2014.47619047619,157,157,2129,7.608610769277913,5.062595033026967,2020,53,12,5
"2021-01-03",1534.47619047619,513,513,2136,7.336595833721055,6.2422232654551655,2021,1,1,6
"2021-01-10",1140.9047619047617,368,368,2143,7.040452990858082,5.910796644040527,2021,2,1,6
"2021-01-17",819.1904761904761,396,396,2150,6.709536601320776,5.983936280687191,2021,3,1,6
"2021-01-24",584.3809523809522,286,286,2157,6.372262835943918,5.659482215759621,2021,4,1,6
"2021-01-31",437.14285714285705,291,291,2164,6.082545015058938,5.676753802268282,2021,5,1,6
"2021-02-07",359.0952380952379,269,269,2171,5.8863685467274545,5.598421958998375,2021,6,2,6
"2021-02-14",334.9523809523808,262,262,2178,5.816969426563491,5.572154032177765,2021,7,2,6
"2021-02-21",324.6666666666665,281,281,2185,5.785874363374672,5.641907070938114,2021,8,2,6
"2021-02-28",317.38095238095224,342,342,2192,5.76324862925662,5.8377304471659395,2021,9,2,6
"2021-03-07",298.52380952380935,258,258,2199,5.7021939119710625,5.556828061699537,2021,10,3,6
"2021-03-14",293.52380952380935,345,345,2206,5.6853598471031646,5.846438775057725,2021,11,3,6
"2021-03-21",290.3333333333332,303,303,2213,5.674468086987425,5.717027701406222,2021,12,3,6
"2021-03-28",292.4285714285713,242,242,2220,5.68163424143319,5.493061443340548,2021,13,3,6
"2021-04-04",297.52380952380935,384,384,2227,5.698849693550545,5.953243334287785,2021,14,4,6
"2021-04-11",307.3333333333332,392,392,2234,5.731181448844315,5.973809611869261,2021,15,4,6
"2021-04-18",320.6666666666665,389,389,2241,5.773515812670876,5.966146739123692,2021,16,4,6
"2021-04-25",334.4761904761903,390,390,2248,5.815550986609357,5.968707559985366,2021,17,4,6
"2021-05-02",345.2380952380951,392,392,2255,5.847126674926633,5.973809611869261,2021,18,5,6
"2021-05-09",363.38095238095224,505,505,2262,5.89819989283672,6.226536669287466,2021,19,5,6
"2021-05-16",392.6190476190474,607,607,2269,5.9753835573482545,6.410174881966167,2021,20,5,6
"2021-05-23",433.99999999999983,686,686,2276,6.075346031088683,6.532334292222349,2021,21,5,6
"2021-05-30",480.7619047619046,707,707,2283,6.1774500184824674,6.56244409369372,2021,22,5,6
"2021-06-06",529.4285714285712,794,794,2290,6.2736853051217665,6.678342114654332,2021,23,6,6
"2021-06-13",584.5238095238093,827,827,2297,6.372506847495008,6.71901315438526,2021,24,6,6
"2021-06-20",646.3333333333331,848,848,2304,6.472861360183161,6.744059186311348,2021,25,6,6
"2021-06-27",707.5238095238093,897,897,2311,6.563183664104274,6.8001700683022,2021,26,6,6
"2021-07-04",769.6190476190474,1063,1063,2318,6.647194149793462,6.96979066990159,2021,27,7,6
"2021-07-11",825.095238095238,1003,1003,2325,6.716710067231833,6.911747300251674,2021,28,7,6
"2021-07-18",879.5714285714284,1078,1078,2332,6.780571047384693,6.983789965258135,2021,29,7,6
"2021-07-25",920,955,955,2339,6.825460036255307,6.862757913051401,2021,30,7,6
"2021-08-01",948.8095238095236,900,900,2346,6.85626146323839,6.803505257608338,2021,31,8,6
"2021-08-08",960.0476190476188,850,850,2353,6.868023959301051,6.7464121285733745,2021,32,8,6
"2021-08-15",964,905,905,2360,6.872128101338986,6.80903930604298,2021,33,8,6
"2021-08-22",952.7619047619046,817,817,2367,6.860414064577809,6.706862336602747,2021,34,8,6
"2021-08-29",931.4285714285712,793,793,2374,6.837792549579904,6.677083461247136,2021,35,8,6
"2021-09-05",893.3333333333331,734,734,2381,6.796078561757514,6.5998704992128365,2021,36,9,6
"2021-09-12",860.6190476190474,822,822,2388,6.758813232862264,6.71295620067707,2021,37,9,6
"2021-09-19",843.9523809523807,1027,1027,2395,6.739280271866725,6.93537044601511,2021,38,9,6
"2021-09-26",859.7619047619046,1188,1188,2402,6.757817932807747,7.080867896690782,2021,39,9,6
"2021-10-03",900.1428571428569,1288,1288,2409,6.803663799027615,7.161622002939187,2021,40,10,6
"2021-10-10",966.095238095238,1481,1481,2416,6.874296978809687,7.301147805856032,2021,41,10,6
"2021-10-17",1055.190476190476,1617,1617,2423,6.962423823180934,7.388946097618437,2021,42,10,6
"2021-10-24",1158.7142857142856,1420,1420,2430,7.05592894834353,7.259116128097101,2021,43,10,6
"2021-10-31",1260.333333333333,1446,1446,2437,7.139924641503659,7.277247726631484,2021,44,10,6
"2021-11-07",1330.380952380952,1188,1188,2444,7.193971992605614,7.080867896690782,2021,45,11,6
"2021-11-14",1364.7142857142856,1124,1124,2451,7.219432856990133,7.025538314638521,2021,46,11,6
"2021-11-21",1356.380952380952,1016,1016,2458,7.213312351742259,6.92461239604856,2021,47,11,6
"2021-11-28",1313.333333333333,913,913,2465,7.181084845209517,6.81783057145415,2021,48,11,6
"2021-12-05",1234.190476190476,795,795,2472,7.118980468902765,6.679599185844383,2021,49,12,6
"2021-12-12",1125.3333333333333,524,524,2479,7.026722798046181,6.263398262591624,2021,50,12,6
"2021-12-19",990.8571428571428,340,340,2486,6.89957908769796,5.831882477283517,2021,51,12,6
"2021-12-26",847.9999999999999,190,190,2493,6.744059186311347,5.25227342804663,2021,52,12,6
"2022-01-02",711.8571428571427,369,369,2500,6.56928103969025,5.91350300563827,2022,1,1,7
"2022-01-09",593.142857142857,276,276,2507,6.387119790687598,5.6240175061873385,2022,2,1,7
"2022-01-16",490.38095238095224,250,250,2514,6.197219697392291,5.5254529391317835,2022,3,1,7
"2022-01-23",397.52380952380935,248,248,2521,5.987767244309451,5.517452896464707,2022,4,1,7
"2022-01-30",324.6190476190474,203,203,2528,5.785728132475823,5.318119993844216,2022,5,1,7
"2022-02-06",277.23809523809507,213,213,2535,5.628477204831014,5.365976015021851,2022,6,2,7
"2022-02-13",258.4761904761903,244,244,2542,5.5586649468596745,5.501258210544727,2022,7,2,7
"2022-02-20",249.190476190476,247,247,2549,5.522222532522061,5.5134287461649825,2022,8,2,7
"2022-02-27",247.5714285714284,310,310,2556,5.515730243153261,5.739792912179234,2022,9,2,7
"2022-03-06",245.85714285714263,302,302,2563,5.508809800308687,5.713732805509369,2022,10,3,7
"2022-03-13",251.23809523809507,275,275,2570,5.530373463821103,5.62040086571715,2022,11,3,7
"2022-03-20",262.38095238095224,358,358,2577,5.573601472271254,5.883322388488279,2022,12,3,7
"2022-03-27",278.14285714285694,362,362,2584,5.631723683547414,5.8944028342648505,2022,13,3,7
"2022-04-03",299.04761904761887,379,379,2591,5.703941192218632,5.940171252720432,2022,14,4,7
"2022-04-10",316.6666666666665,333,333,2598,5.761002614986092,5.811140992976701,2022,15,4,7
"2022-04-17",335.99999999999983,495,495,2605,5.820082930352362,6.206575926724928,2022,16,4,7
"2022-04-24",359.6190476190474,527,527,2612,5.887822131390399,6.269096283706261,2022,17,4,7
"2022-05-01",391.14285714285694,527,527,2619,5.9716262048883175,6.269096283706261,2022,18,5,7
"2022-05-08",428.4285714285713,664,664,2626,6.0624554212576065,6.499787040655854,2022,19,5,7
"2022-05-15",476.6190476190474,816,816,2633,6.168813443232557,6.705639094860003,2022,20,5,7
"2022-05-22",531.3333333333331,768,768,2640,6.2772698595469025,6.645090969505644,2022,21,5,7
"2022-05-29",599.6666666666665,925,925,2647,6.398040149500173,6.8308742346461795,2022,22,5,7
"2022-06-05",677.5238095238093,1149,1149,2654,6.519919570072365,7.047517221357296,2022,23,6,7
"2022-06-12",763.5238095238093,1087,1087,2661,6.639253168800191,6.992096427415888,2022,24,6,7
"2022-06-19",847.8571428571427,1084,1084,2668,6.7438909069672395,6.98933526597456,2022,25,6,7
"2022-06-26",928,1230,1230,2675,6.834108738813838,7.115582126184454,2022,26,6,7
"2022-07-03",1001.6190476190474,1239,1239,2682,6.910370902872605,7.122866658599083,2022,27,7,7
"2022-07-10",1067.3809523809523,1160,1160,2689,6.973899652904804,7.057036981697891,2022,28,7,7
"2022-07-17",1114.8095238095236,1106,1106,2696,7.017335450784146,7.009408932708637,2022,29,7,7
"2022-07-24",1133.8095238095236,975,975,2703,7.034220095399941,6.883462586413092,2022,30,7,7
"2022-07-31",1134.9523809523807,1104,1104,2710,7.035226680226784,7.007600613951853,2022,31,7,7
"2022-08-07",1135.190476190476,1246,1246,2717,7.035436257928484,7.1284959456800365,2022,32,8,7
"2022-08-14",1155.9523809523807,1487,1487,2724,7.053544569002161,7.305188215393037,2022,33,8,7
"2022-08-21",1206.190476190476,1875,1875,2731,7.09605101824962,7.53689712956617,2022,34,8,7
"2022-08-28",1297.285714285714,2180,2180,2738,7.168799991905619,7.687538766201629,2022,35,8,7
"2022-09-04",1443.1428571428569,2513,2513,2745,7.275271246098744,7.829630389150193,2022,36,9,7
"2022-09-11",1604.7619047619046,1942,1942,2752,7.381353629943148,7.57198844937744,2022,37,9,7
"2022-09-18",1798.285714285714,2794,2794,2759,7.495145039731397,7.9355873855892,2022,38,9,7
"2022-09-25",2010.5714285714284,3047,3047,2766,7.6066715008619985,8.022240916806537,2022,39,9,7
"2022-10-02",2243.8571428571427,2895,2895,2773,7.716397164680454,7.971085753505607,2022,40,10,7
"2022-10-09",2459.7619047619046,3200,3200,2780,7.808226298356769,8.071218539969863,2022,41,10,7
"2022-10-16",2631.047619047619,3044,3044,2787,7.875517384624864,8.021256180143997,2022,42,10,7
"2022-10-23",2752.523809523809,2875,2875,2794,7.920636755668532,7.964155718840937,2022,43,10,7
"2022-10-30",2837.6666666666665,2504,2504,2801,7.95108973734526,7.826044013518965,2022,44,10,7
"2022-11-06",2872.3333333333335,2598,2598,2808,7.963228074989629,7.862882034641491,2022,45,11,7
"2022-11-13",2830.9047619047615,1811,1811,2815,7.948704824977216,7.502186486602924,2022,46,11,7
"2022-11-20",2696.6666666666665,1508,1508,2822,7.900142480827592,7.319202458767849,2022,47,11,7
"2022-11-27",2486.6190476190473,1412,1412,2829,7.81908132622689,7.253470382684528,2022,48,11,7
"2022-12-04",2249.9523809523807,1249,1249,2836,7.719108686063859,7.1308988302963465,2022,49,12,7
"2022-12-11",1983.5714285714284,864,864,2843,7.593158264808651,6.762729506931879,2022,50,12,7
"2022-12-18",1709.5238095238094,555,555,2850,7.44455492394885,6.320768294250582,2022,51,12,7
"2022-12-25",1408.47619047619,236,236,2857,7.25097341823426,5.4680601411351315,2022,52,12,7
"2023-01-01",1152.9999999999998,757,757,2864,7.050989447068044,6.630683385642372,2023,1,1,8
"2023-01-08",962.6190476190474,926,926,2871,6.870696037688403,6.831953565565855,2023,2,1,8
"2023-01-15",857.0476190476188,831,831,2878,6.754659598003391,6.723832440821209,2023,3,1,8
"2023-01-22",786.190476190476,924,924,2885,6.668470247329589,6.829793737512425,2023,4,1,8
"2023-01-29",741.8571428571427,839,839,2892,6.610503755514205,6.733401891837359,2023,5,1,8
"2023-02-05",739.142857142857,848,848,2899,6.606843217759475,6.744059186311348,2023,6,2,8
"2023-02-12",782.6666666666665,882,882,2906,6.66398375987196,6.78332520060396,2023,7,2,8
"2023-02-19",832.7619047619046,870,870,2913,6.725947875702894,6.769641976852503,2023,8,2,8
"2023-02-26",874.8571428571427,1051,1051,2920,6.775202998707375,6.9584483932976555,2023,9,2,8
"2023-03-05",899.8571428571427,1118,1118,2927,6.8033466910496925,7.020190708311925,2023,10,3,8
"2023-03-12",919.9047619047618,933,933,2934,6.825356623638875,6.839476438228843,2023,11,3,8
"2023-03-19",940.095238095238,967,967,2941,6.847044343917012,6.875232087276577,2023,12,3,8
"2023-03-26",952.190476190476,965,965,2948,6.8598147537672824,6.873163834212518,2023,13,3,8
"2023-04-02",953.8571428571428,672,672,2955,6.861561740659971,6.511745329644728,2023,14,4,8
"2023-04-09",954.142857142857,969,969,2962,6.86186091792473,6.877296071497429,2023,15,4,8
"2023-04-16",952.8571428571428,1135,1135,2969,6.860513914802556,7.035268599281097,2023,16,4,8
"2023-04-23",959,1064,1064,2976,6.866933284461882,6.970730078143525,2023,17,4,8
"2023-04-30",968.8095238095236,1109,1109,2983,6.877099685008187,7.01211529430638,2023,18,4,8
"2023-05-07",988.3333333333331,1255,1255,2990,6.897031315619161,7.135687347028144,2023,19,5,8
"2023-05-14",1031.6190476190477,1410,1410,2997,6.939853618546043,7.252053951852814,2023,20,5,8
"2023-05-21",1107.3333333333333,1529,1529,3004,7.010612664421845,7.333023014386481,2023,21,5,8
"2023-05-28",1214.190476190476,1911,1911,3011,7.102656114014574,7.555905093611346,2023,22,5,8
"2023-06-04",1353.285714285714,2257,2257,3018,7.211029446193754,7.722234744709607,2023,23,6,8
"2023-06-11",1518.1428571428569,2462,2462,3025,7.32590154500897,7.809135398120538,2023,24,6,8
"2023-06-18",1727.7142857142856,2990,2990,3032,7.455133223742739,8.003363058629947,2023,25,6,8
"2023-06-25",1974.1428571428569,3151,3151,3039,7.588396007449897,8.05579245097777,2023,26,6,8
"2023-07-02",2254.333333333333,3517,3517,3046,7.721053060672544,8.165647925297504,2023,27,7,8
"2023-07-09",2571.333333333333,4183,4183,3053,7.852568677789494,8.339023005744759,2023,28,7,8
"2023-07-16",2935,4787,4787,3060,7.984803389734406,8.473868066677865,2023,29,7,8
"2023-07-23",3323.952380952381,4895,4895,3067,8.10921063146932,8.496173824192162,2023,30,7,8
"2023-07-30",3733.380952380952,5546,5546,3074,8.225337341495722,8.621012520055235,2023,31,7,8
"2023-08-06",4205.380952380952,7180,7180,3081,8.344357925718159,8.879193928110318,2023,32,8,8
"2023-08-13",4806.619047619048,8503,8503,3088,8.477957240051618,9.048291920021784,2023,33,8,8
"2023-08-20",5574.285714285714,10096,10096,3095,8.626098844214356,9.21999362900432,2023,34,8,8
"2023-08-27",6571.285714285714,13189,13189,3102,8.79061695269265,9.48721424571136,2023,35,8,8
"2023-09-03",7828.904761904762,15612,15612,3109,8.965705625680322,9.65585917954152,2023,36,9,8
"2023-09-10",9266.761904761905,15259,15259,3116,9.13429719518795,9.632990304838447,2023,37,9,8
"2023-09-17",10901.142857142857,18679,18679,3123,9.296714641293908,9.835208711782832,2023,38,9,8
"2023-09-24",12531.52380952381,17921,17921,3130,9.43608244895822,9.793784287444163,2023,39,9,8
"2023-10-01",14129.47619047619,18186,18186,3137,9.55608917578136,9.808462332127018,2023,40,10,8
"2023-10-08",15447.285714285712,17346,17346,3144,9.645253319165546,9.76117485976141,2023,41,10,8
"2023-10-15",16351.52380952381,15245,15245,3151,9.702137525851663,9.632072452548218,2023,42,10,8
"2023-10-22",16595.761904761905,11435,11435,3158,9.716962889338594,9.344521553442204,2023,43,10,8
"2023-10-29",16199.285714285712,9054,9054,3165,9.692784157749252,9.111072370317514,2023,44,10,8
"2023-11-05",15258.90476190476,9313,9313,3172,9.63298406379045,9.139273923542325,2023,45,11,8
"2023-11-12",14016.47619047619,7401,7401,3179,9.548060129439309,8.909505512946101,2023,46,11,8
"2023-11-19",12555.47619047619,7391,7391,3186,9.437991842575302,8.90815361332152,2023,47,11,8
"2023-11-26",11042.42857142857,6887,6887,3193,9.309590830623833,8.837536046107568,2023,48,11,8
"2023-12-03",9584.52380952381,5883,5883,3200,9.168009302867487,8.679992081721329,2023,49,12,8
"2023-12-10",8313.761904761905,4570,4570,3207,9.02578775679275,8.427487278331744,2023,50,12,8
"2023-12-17",7261.809523809524,3190,3190,3214,8.890522019709405,8.068089626278244,2023,51,12,8
"2023-12-24",6308,2012,2012,3221,8.74973246437081,7.607381425639791,2023,52,12,8
"2023-12-31",5505.142857142858,3706,3706,3228,8.613619631087518,8.217978203150732,2024,1,12,9
"2024-01-07",4848.523809523809,4598,4598,3235,8.486635795507866,8.433594167539924,2024,2,1,9
"2024-01-14",4445.095238095238,4903,4903,3242,8.399781515368767,8.497806477616047,2024,3,1,9
"2024-01-21",4151.999999999999,4505,4505,3249,8.331586243630753,8.41316512099219,2024,4,1,9
"2024-01-28",3958.571428571428,3870,3870,3256,8.283891073283542,8.261268150577648,2024,5,1,9
"2024-02-04",3880.2857142857138,3624,3624,3263,8.263921747387785,8.195609567288775,2024,6,2,9
"2024-02-11",3921.142857142857,3136,3136,3270,8.274393430657659,8.051022208190679,2024,7,2,9
"2024-02-18",3982.380952380952,3434,3434,3277,8.289886223192715,8.14177220465645,2024,8,2,9
"2024-02-25",3981.95238095238,3737,3737,3284,8.289778627537085,8.226305988015508,2024,9,2,9
"2024-03-03",3876.047619047619,3812,3812,3291,8.262829220042656,8.246171559857563,2024,10,3,9
"2024-03-10",3728.3333333333335,3355,3355,3298,8.223984765653741,8.118505067587098,2024,11,3,9
"2024-03-17",3594,3290,3290,3305,8.187299270155147,8.098946748943339,2024,12,3,9
"2024-03-24",3445.6666666666665,2239,2239,3312,8.14516285939431,7.714231144849085,2024,13,3,9
"2024-03-31",3349.9047619047615,3090,3090,3319,8.116985666535092,8.036249942132116,2024,14,3,9
"2024-04-07",3290.9047619047615,3626,3626,3326,8.099221631215887,8.196161139282902,2024,15,4,9
"2024-04-14",3295.2857142857138,3683,3683,3333,8.100551572431922,8.211754397375197,2024,16,4,9
"2024-04-21",3280.1904761904757,3357,3357,3340,8.095961585585822,8.119100837637486,2024,17,4,9
"2024-04-28",3255.7619047619046,3351,3351,3347,8.088488699982646,8.117312461601975,2024,18,4,9
"2024-05-05",3236.6190476190473,3347,3347,3354,8.082593476797083,8.116118431609365,2024,19,5,9
"2024-05-12",3325.428571428571,4051,4051,3361,8.109654506361164,8.306965865368573,2024,20,5,9
"2024-05-19",3478.1904761904757,4429,4429,3368,8.15455492392353,8.39615486303918,2024,21,5,9
"2024-05-26",3712.571428571428,5397,5397,3375,8.219749341762503,8.59378379357795,2024,22,5,9
"2024-06-02",4000.190476190476,6613,6613,3382,8.294347214869884,8.796943893541737,2024,23,6,9
"2024-06-09",4435.9047619047615,7806,7806,3389,8.397712286624037,8.962776046120291,2024,24,6,9
"2024-06-16",5063.714285714285,9156,9156,3396,8.530053005558495,9.122273893107732,2024,25,6,9
"2024-06-23",5815.333333333333,8877,8877,3403,8.66842533073012,9.09133158539398,2024,26,6,9
"2024-06-30",6633.523809523809,9898,9898,3410,8.800042174714314,9.200189020919808,2024,27,6,9
"2024-07-07",7470.619047619047,10631,10631,3417,8.918866994617924,9.27162360039308,2024,28,7,9
"2024-07-14",8365.380952380952,12138,12138,3424,9.031976686750856,9.404178688897805,2024,29,7,9
"2024-07-21",9261.95238095238,12498,12498,3431,9.133778108460548,9.43340392009022,2024,30,7,9
"2024-07-28",10150.238095238095,13834,13834,3438,9.225350956857412,9.534956892221029,2024,31,7,9
"2024-08-04",11061.571428571428,16381,16381,3445,9.311322746115357,9.703938450075547,2024,32,8,9
"2024-08-11",12122.952380952382,17913,17913,3452,9.402938310501916,9.79333780903514,2024,33,8,9
"2024-08-18",13430.761904761906,21101,21101,3459,9.505377472629595,9.957123101702038,2024,34,8,9
"2024-08-25",15037.857142857143,24141,24141,3466,9.618392606774664,10.091708341261072,2024,35,8,9
"2024-09-01",16840.285714285714,25276,25276,3473,9.731588633711212,10.13765017033277,2024,36,9,9
"2024-09-08",18652.952380952374,23916,23916,3480,9.833813326530915,10.082344782138865,2024,37,9,9
"2024-09-15",20462.42857142857,27277,27277,3487,9.926394599827724,10.21383579548682,2024,38,9,9
"2024-09-22",22075.476190476187,25394,25394,3494,10.002267894832103,10.142307583235343,2024,39,9,9
"2024-09-29",23452.714285714286,24379,24379,3501,10.062784153046676,10.101518403035262,2024,40,9,9
"2024-10-06",24486.42857142857,27330,27330,3508,10.105915145308412,10.21577686808075,2024,41,10,9
"2024-10-13",25094,24205,24205,3515,10.130423902089031,10.094355815298549,2024,42,10,9
"2024-10-20",24707.238095238095,10861,10861,3522,10.114891993131597,9.29302573859479,2024,43,10,9
"2024-10-27",23229.809523809523,7241,7241,3529,10.053234673362589,8.887652690325586,2024,44,10,9
"2024-11-03",20622.85714285714,3621,3621,3536,9.93420379841221,8.19478163844336,2024,45,11,9
